case_id,corner,temp_k,vdd,spice_snm_mv,native_snm_mv,delta_snm_mv,spice_noise,native_noise,delta_noise,spice_ber_raw,native_ber_raw,spice_ber,native_ber,delta_ber,spice_hold_snm_mv,native_hold_snm_mv,delta_hold_snm_mv,spice_read_snm_mv,native_read_snm_mv,delta_read_snm_mv,spice_write_margin_mv,native_write_margin_mv,delta_write_margin_mv,spice_noise_sigma,native_noise_sigma,delta_noise_sigma,spice_read_fail,spice_read_fail_raw,native_read_fail,delta_read_fail,spice_write_fail,spice_write_fail_raw,native_write_fail,delta_write_fail,native_backend_label,native_engine,data_source,spice_source,simulator,spice_runtime_ms,native_runtime_ms,spice_mc_runs,spice_mc_mode,spice_mc_mode_effective,spice_mc_seed,measure_contract_revision,pdk_id,pdk_class,model_revision,macro_mode,pdk_license,ber_contract_mode,snm_noise_contract_mode,spice_snm_mv_raw,spice_hold_snm_mv_raw,spice_read_snm_mv_raw,spice_write_margin_mv_raw,spice_noise_raw,spice_noise_sigma_raw,spice_snm_mv_contract,spice_hold_snm_mv_contract,spice_read_snm_mv_contract,spice_write_margin_mv_contract,spice_noise_contract,spice_noise_sigma_contract,spice_read_fail_contract,spice_write_fail_contract,snm_mv_contract_requested_raw_key,snm_mv_contract_source_raw_key,snm_mv_contract_fallback_used,snm_mv_contract_fit_status,snm_mv_contract_reason,hold_snm_mv_contract_requested_raw_key,hold_snm_mv_contract_source_raw_key,hold_snm_mv_contract_fallback_used,hold_snm_mv_contract_fit_status,hold_snm_mv_contract_reason,read_snm_mv_contract_requested_raw_key,read_snm_mv_contract_source_raw_key,read_snm_mv_contract_fallback_used,read_snm_mv_contract_fit_status,read_snm_mv_contract_reason,write_margin_mv_contract_requested_raw_key,write_margin_mv_contract_source_raw_key,write_margin_mv_contract_fallback_used,write_margin_mv_contract_fit_status,write_margin_mv_contract_reason,noise_contract_requested_raw_key,noise_contract_source_raw_key,noise_contract_fallback_used,noise_contract_fit_status,noise_contract_reason,noise_sigma_contract_requested_raw_key,noise_sigma_contract_source_raw_key,noise_sigma_contract_fallback_used,noise_sigma_contract_fit_status,noise_sigma_contract_reason,spice_ber_contract,native_ber_contract,delta_ber_contract,ber_contract_center_mv,ber_contract_slope_mv,ber_contract_fit_samples
tt_t233_v1p62,tt,233.15,1.62,271.75230413433854,273.1348139718743,1.3825098375357356,0.03839408749738399,0.03841258919728267,1.8501699898684776e-05,0.999993,0.4003125,0.4076998221799793,0.4073219554315851,-0.00037786674839418444,271.75230413433854,273.1348139718743,1.3825098375357356,267.1340153635129,268.52530326820033,1.391287904687431,1581.5976880413332,1581.5874108027174,-0.010277238615799433,0.03839408749738399,0.03841258919728267,1.8501699898684776e-05,1.6311237516801758e-12,1.0,1.3707502359062531e-12,-2.6037351577392274e-13,0.0,5.88448e-86,0.0,0.0,hybrid-native,cpu,foundry-pdk-pre-silicon,pdk,ngspice,2377.2351000006893,5101.049500000954,1,off,off,20260218,v3-ber-contract-aligned-2026-02-18,gf180mcu,foundry-open,gf180mcu-open-local,6t-cell,Apache-2.0,native_fit,affine_corner_temp,1.4794,1.4794,-1164.7,1620.0,0.719864,0.719864,271.75230413433854,271.75230413433854,267.1340153635129,1581.5976880413332,0.03839408749738399,0.03839408749738399,1.6311237516801758e-12,0.0,spice_snm_mv_raw,spice_snm_mv_raw,False,fitted,usable,spice_snm_mv_raw,spice_snm_mv_raw,False,fitted,usable,,spice_read_snm_mv_raw,False,fitted,usable,,spice_write_margin_mv_raw,False,fitted,usable,,spice_noise_raw,False,fitted,usable,,spice_noise_sigma_raw,False,fitted,usable,0.4076998221799793,0.4073219554315851,-0.00037786674839418444,-58.175752914310664,883.3831688760961,45
tt_t233_v1p80,tt,233.15,1.8,295.98831759692763,291.1403249557242,-4.847992641203405,0.03504406500971179,0.03615842207021109,0.0011143570604992964,0.999986,0.4016796875,0.40109183934647613,0.4024108600108078,0.0013190206643316493,295.98831759692763,291.1403249557242,-4.847992641203405,292.6005374378729,286.80131430729887,-5.799223130574035,1763.82102345255,1763.8415779297889,0.020554477238874824,0.03504406500971179,0.03615842207021109,0.0011143570604992964,6.760684363821703e-14,1.0,1.3957639789274375e-13,7.196955425452672e-14,0.0,9.95594e-96,0.0,0.0,hybrid-native,cpu,foundry-pdk-pre-silicon,pdk,ngspice,2154.3629999978293,14.618900000641588,1,off,off,20260218,v3-ber-contract-aligned-2026-02-18,gf180mcu,foundry-open,gf180mcu-open-local,6t-cell,Apache-2.0,native_fit,affine_corner_temp,8.41924,8.41924,-1664.49,1800.0,0.929393,0.929393,295.98831759692763,295.98831759692763,292.6005374378729,1763.82102345255,0.03504406500971179,0.03504406500971179,6.760684363821703e-14,0.0,spice_snm_mv_raw,spice_snm_mv_raw,False,fitted,usable,spice_snm_mv_raw,spice_snm_mv_raw,False,fitted,usable,,spice_read_snm_mv_raw,False,fitted,usable,,spice_write_margin_mv_raw,False,fitted,usable,,spice_noise_raw,False,fitted,usable,,spice_noise_sigma_raw,False,fitted,usable,0.40109183934647613,0.4024108600108078,0.0013190206643316493,-58.175752914310664,883.3831688760961,45
tt_t233_v1p98,tt,233.15,1.98,305.65696376628966,309.1224465699574,3.465482803667726,0.03509877713525439,0.03396591837485639,-0.001132858760398002,0.999981,0.3977734375,0.39846552696703946,0.397525603712397,-0.0009399232546424829,305.65696376628966,309.1224465699574,3.465482803667726,300.638601139088,305.0465363649746,4.407935225886604,1946.0443588637668,1946.0340816251435,-0.010277238623302765,0.03509877713525439,0.03396591837485639,-0.001132858760398002,2.4753112842608454e-14,1.0,1.4267145112623038e-14,-1.0485967729985415e-14,0.0,1.68444e-105,0.0,0.0,hybrid-native,cpu,foundry-pdk-pre-silicon,pdk,ngspice,2402.889299999515,16.456600002129562,1,off,off,20260218,v3-ber-contract-aligned-2026-02-18,gf180mcu,foundry-open,gf180mcu-open-local,6t-cell,Apache-2.0,native_fit,affine_corner_temp,11.1878,11.1878,-1822.24,1980.0,0.925971,0.925971,305.65696376628966,305.65696376628966,300.638601139088,1946.0443588637668,0.03509877713525439,0.03509877713525439,2.4753112842608454e-14,0.0,spice_snm_mv_raw,spice_snm_mv_raw,False,fitted,usable,spice_snm_mv_raw,spice_snm_mv_raw,False,fitted,usable,,spice_read_snm_mv_raw,False,fitted,usable,,spice_write_margin_mv_raw,False,fitted,usable,,spice_noise_raw,False,fitted,usable,,spice_noise_sigma_raw,False,fitted,usable,0.39846552696703946,0.397525603712397,-0.0009399232546424829,-58.175752914310664,883.3831688760961,45
tt_t298_v1p62,tt,298.15,1.62,265.4125820596251,262.2956647649848,-3.1169172946403023,0.053065078659316,0.053084288376146066,1.9209716830066725e-05,0.999985,0.40814453125,0.40943398309207607,0.41028741101532873,0.0008534279232526587,265.4125820596251,262.2956647649848,-3.1169172946403023,255.2092421087792,255.92555015984726,0.7163080510680686,1558.8403334558077,1566.9157116238541,8.075378168046427,0.053065078659316,0.053084288376146066,1.9209716830066725e-05,7.241771453186851e-12,0.999999,6.62153585920206e-12,-6.202355939847915e-13,0.0,3.98308e-08,0.0,0.0,hybrid-native,cpu,foundry-pdk-pre-silicon,pdk,ngspice,2393.1057000008877,15.297000001737615,1,off,off,20260218,v3-ber-contract-aligned-2026-02-18,gf180mcu,foundry-open,gf180mcu-open-local,6t-cell,Apache-2.0,native_fit,affine_corner_temp,8.96088,8.96088,-59.6853,186.309,0.484871,0.484871,265.4125820596251,265.4125820596251,255.2092421087792,1558.8403334558077,0.053065078659316,0.053065078659316,7.241771453186851e-12,0.0,spice_snm_mv_raw,spice_snm_mv_raw,False,fitted,usable,spice_snm_mv_raw,spice_snm_mv_raw,False,fitted,usable,,spice_read_snm_mv_raw,False,fitted,usable,,spice_write_margin_mv_raw,False,fitted,usable,,spice_noise_raw,False,fitted,usable,,spice_noise_sigma_raw,False,fitted,usable,0.40943398309207607,0.41028741101532873,0.0008534279232526587,-58.175752914310664,883.3831688760961,45
tt_t298_v1p80,tt,298.15,1.8,275.82115399511474,280.2988889422053,4.477734947090539,0.0478476200606483,0.04947998807636279,0.0016323680157144874,0.999981,0.40287109375,0.40658804035967383,0.4053656395141288,-0.0012224008455450353,275.82115399511474,280.2988889422053,4.477734947090539,282.6111219497908,274.36129037304175,-8.249831576749045,1830.9907515993207,1750.5200119236372,-80.47073967568349,0.0478476200606483,0.04947998807636279,0.0016323680157144874,2.3565907218517157e-13,1.0,6.609082981825608e-13,4.252492259973892e-13,0.0,9.95594e-96,0.0,0.0,hybrid-native,cpu,foundry-pdk-pre-silicon,pdk,ngspice,2328.001099998801,14.143399999738904,1,off,off,20260218,v3-ber-contract-aligned-2026-02-18,gf180mcu,foundry-open,gf180mcu-open-local,6t-cell,Apache-2.0,native_fit,affine_corner_temp,11.0673,11.0673,-1647.25,1800.0,0.921286,0.921286,275.82115399511474,275.82115399511474,282.6111219497908,1830.9907515993207,0.0478476200606483,0.0478476200606483,2.3565907218517157e-13,0.0,spice_snm_mv_raw,spice_snm_mv_raw,False,fitted,usable,spice_snm_mv_raw,spice_snm_mv_raw,False,fitted,usable,,spice_read_snm_mv_raw,False,fitted,usable,,spice_write_margin_mv_raw,False,fitted,usable,,spice_noise_raw,False,fitted,usable,,spice_noise_sigma_raw,False,fitted,usable,0.40658804035967383,0.4053656395141288,-0.0012224008455450353,-58.175752914310664,883.3831688760961,45
tt_t298_v1p98,tt,298.15,1.98,299.6617161893385,298.30089853688827,-1.360817652450237,0.04790830500467368,0.04625672727212911,-0.001651577732544575,0.99997,0.40390625,0.4000933492067053,0.40046314552324025,0.0003697963165349427,299.6617161893385,298.30089853688827,-1.360817652450237,285.2165677385519,292.75009126423276,7.5335235256808915,1861.3479112202347,1933.743272727871,72.39536150763638,0.04790830500467368,0.04625672727212911,-0.001651577732544575,1.7015425833686715e-13,1.0,6.635472602026041e-14,-1.0379953231660674e-13,0.0,1.68444e-105,0.0,0.0,hybrid-native,cpu,foundry-pdk-pre-silicon,pdk,ngspice,2925.037599998177,18.60379999925499,1,off,off,20260218,v3-ber-contract-aligned-2026-02-18,gf180mcu,foundry-open,gf180mcu-open-local,6t-cell,Apache-2.0,native_fit,affine_corner_temp,15.892,15.892,-1798.2,1980.0,0.91621,0.91621,299.6617161893385,299.6617161893385,285.2165677385519,1861.3479112202347,0.04790830500467368,0.04790830500467368,1.7015425833686715e-13,0.0,spice_snm_mv_raw,spice_snm_mv_raw,False,fitted,usable,spice_snm_mv_raw,spice_snm_mv_raw,False,fitted,usable,,spice_read_snm_mv_raw,False,fitted,usable,,spice_write_margin_mv_raw,False,fitted,usable,,spice_noise_raw,False,fitted,usable,,spice_noise_sigma_raw,False,fitted,usable,0.4000933492067053,0.40046314552324025,0.0003697963165349427,-58.175752914310664,883.3831688760961,45
tt_t398_v1p62,tt,398.15,1.62,265.00604851359384,245.62640618687263,-19.37964232672121,0.07522916525108461,0.084152853097603,0.008923687846518383,0.999987,0.41810546875,0.4095452632415306,0.4148605949328822,0.005315331691351566,265.00604851359384,245.62640618687263,-19.37964232672121,255.92931634274274,235.52806381516027,-20.40125252758247,1738.8771547271192,1535.847146902397,-203.03000782472213,0.07522916525108461,0.084152853097603,0.008923687846518383,6.618419353455965e-12,1.0,8.477605553475847e-11,7.81576361813025e-11,0.0,5.88521e-86,0.0,0.0,hybrid-native,cpu,foundry-pdk-pre-silicon,pdk,ngspice,2548.095199999807,15.277200000127777,1,off,off,20260218,v3-ber-contract-aligned-2026-02-18,gf180mcu,foundry-open,gf180mcu-open-local,6t-cell,Apache-2.0,native_fit,affine_corner_temp,7.33138,7.33138,-1460.38,1620.0,0.905994,0.905994,265.00604851359384,265.00604851359384,255.92931634274274,1738.8771547271192,0.07522916525108461,0.07522916525108461,6.618419353455965e-12,0.0,spice_snm_mv_raw,spice_snm_mv_raw,False,fitted,usable,spice_snm_mv_raw,spice_snm_mv_raw,False,fitted,usable,,spice_read_snm_mv_raw,False,fitted,usable,,spice_write_margin_mv_raw,False,fitted,usable,,spice_noise_raw,False,fitted,usable,,spice_noise_sigma_raw,False,fitted,usable,0.4095452632415306,0.4148605949328822,0.005315331691351566,-58.175752914310664,883.3831688760961,45
tt_t398_v1p80,tt,398.15,1.8,258.032677283943,263.60877998402475,5.576102700081776,0.07275784121701966,0.07295496011223461,0.00019711889521495385,0.999985,0.41248046875,0.41145551295323174,0.40992780718089145,-0.0015277057723402931,258.032677283943,263.60877998402475,5.576102700081776,251.1808627777269,254.8541847705566,3.673321992829699,1685.0366826689767,1727.0450398877654,42.00835721878866,0.07275784121701966,0.07295496011223461,0.00019711889521495385,1.1982092801416319e-11,0.999998,7.570415999220905e-12,-4.411676802195414e-12,0.0,4.79398e-11,0.0,0.0,hybrid-native,cpu,foundry-pdk-pre-silicon,pdk,ngspice,2684.766900001705,16.74750000165659,1,off,off,20260218,v3-ber-contract-aligned-2026-02-18,gf180mcu,foundry-open,gf180mcu-open-local,6t-cell,Apache-2.0,native_fit,affine_corner_temp,9.06746,9.06746,-56.8689,240.089,0.46994,0.46994,258.032677283943,258.032677283943,251.1808627777269,1685.0366826689767,0.07275784121701966,0.07275784121701966,1.1982092801416319e-11,0.0,spice_snm_mv_raw,spice_snm_mv_raw,False,fitted,usable,spice_snm_mv_raw,spice_snm_mv_raw,False,fitted,usable,,spice_read_snm_mv_raw,False,fitted,usable,,spice_write_margin_mv_raw,False,fitted,usable,,spice_noise_raw,False,fitted,usable,,spice_noise_sigma_raw,False,fitted,usable,0.41145551295323174,0.40992780718089145,-0.0015277057723402931,-58.175752914310664,883.3831688760961,45
tt_t398_v1p98,tt,398.15,1.98,267.8230241005867,281.6265637272262,13.80353962663952,0.07517575499066496,0.06605494824893163,-0.009120806741733337,0.999988,0.4079296875,0.40877436534521244,0.4050034151371692,-0.0037709502080432444,267.8230241005867,281.6265637272262,13.80353962663952,256.97203940260164,273.6999699373544,16.727930534752772,1752.9234011451354,1913.9450517510684,161.02165060593302,0.07517575499066496,0.06605494824893163,-0.009120806741733337,5.809625962693318e-12,1.0,7.17864011970755e-13,-5.091761950722563e-12,0.0,1.68465e-105,0.0,0.0,hybrid-native,cpu,foundry-pdk-pre-silicon,pdk,ngspice,2524.5380000014848,12.358399999357061,1,off,off,20260218,v3-ber-contract-aligned-2026-02-18,gf180mcu,foundry-open,gf180mcu-open-local,6t-cell,Apache-2.0,native_fit,affine_corner_temp,6.63007,6.63007,-1768.58,1980.0,0.89657,0.89657,267.8230241005867,267.8230241005867,256.97203940260164,1752.9234011451354,0.07517575499066496,0.07517575499066496,5.809625962693318e-12,0.0,spice_snm_mv_raw,spice_snm_mv_raw,False,fitted,usable,spice_snm_mv_raw,spice_snm_mv_raw,False,fitted,usable,,spice_read_snm_mv_raw,False,fitted,usable,,spice_write_margin_mv_raw,False,fitted,usable,,spice_noise_raw,False,fitted,usable,,spice_noise_sigma_raw,False,fitted,usable,0.40877436534521244,0.4050034151371692,-0.0037709502080432444,-58.175752914310664,883.3831688760961,45
ff_t233_v1p62,ff,233.15,1.62,286.50856985995483,273.1348139718743,-13.373755888080552,0.03730932582917968,0.03841258919728267,0.0011032633681029927,0.99999,0.4003125,0.4036723683846486,0.4073219554315851,0.00364958704693652,286.50856985995483,273.1348139718743,-13.373755888080552,279.1905054190203,268.52530326820033,-10.665202150819994,1694.9116991173523,1581.5874108027174,-113.32428831463494,0.03730932582917968,0.03841258919728267,0.0011032633681029927,3.6139199123874027e-13,1.0,1.3707502359062531e-12,1.0093582446675128e-12,0.0,5.88448e-86,0.0,0.0,hybrid-native,cpu,foundry-pdk-pre-silicon,pdk,ngspice,2377.799399997457,20.172699998511234,1,off,off,20260218,v3-ber-contract-aligned-2026-02-18,gf180mcu,foundry-open,gf180mcu-open-local,6t-cell,Apache-2.0,native_fit,affine_corner_temp,4.65508,4.65508,-1490.79,1620.0,0.923115,0.923115,286.50856985995483,286.50856985995483,279.1905054190203,1694.9116991173523,0.03730932582917968,0.03730932582917968,3.6139199123874027e-13,0.0,spice_snm_mv_raw,spice_snm_mv_raw,False,fitted,usable,spice_snm_mv_raw,spice_snm_mv_raw,False,fitted,usable,,spice_read_snm_mv_raw,False,fitted,usable,,spice_write_margin_mv_raw,False,fitted,usable,,spice_noise_raw,False,fitted,usable,,spice_noise_sigma_raw,False,fitted,usable,0.4036723683846486,0.4073219554315851,0.00364958704693652,-58.175752914310664,883.3831688760961,45
ff_t233_v1p80,ff,233.15,1.8,297.10922031405073,291.1403249557242,-5.968895358326506,0.03727356929472539,0.03615842207021109,-0.0011151472245142999,0.999752,0.4016796875,0.4007870720949457,0.4024108600108078,0.001623787915862096,297.10922031405073,291.1403249557242,-5.968895358326506,276.9966624037458,286.80131430729887,9.804651903553065,1663.6688325603895,1763.8415779297889,100.17274536939931,0.03727356929472539,0.03615842207021109,-0.0011151472245142999,4.754176089119654e-13,1.0,1.3957639789274375e-13,-3.3584121101922165e-13,0.0,9.95594e-96,0.0,0.0,hybrid-native,cpu,foundry-pdk-pre-silicon,pdk,ngspice,2217.582500001299,16.55600000231061,1,off,off,20260218,v3-ber-contract-aligned-2026-02-18,gf180mcu,foundry-open,gf180mcu-open-local,6t-cell,Apache-2.0,native_fit,affine_corner_temp,36.9721,36.9721,-1616.07,1800.0,0.918356,0.918356,297.10922031405073,297.10922031405073,276.9966624037458,1663.6688325603895,0.03727356929472539,0.03727356929472539,4.754176089119654e-13,0.0,spice_snm_mv_raw,spice_snm_mv_raw,False,fitted,usable,spice_snm_mv_raw,spice_snm_mv_raw,False,fitted,usable,,spice_read_snm_mv_raw,False,fitted,usable,,spice_write_margin_mv_raw,False,fitted,usable,,spice_noise_raw,False,fitted,usable,,spice_noise_sigma_raw,False,fitted,usable,0.4007870720949457,0.4024108600108078,0.001623787915862096,-58.175752914310664,883.3831688760961,45
ff_t233_v1p98,ff,233.15,1.98,289.77979532355033,309.1224465699574,19.34265124640706,0.03395403451844507,0.03396591837485639,1.188385641131412e-05,0.999973,0.3977734375,0.4027812817508948,0.397525603712397,-0.005255678038497802,289.77979532355033,309.1224465699574,19.34265124640706,304.1859861177076,305.0465363649746,0.8605502472669855,1932.8825386799072,1946.0340816251435,13.151542945236315,0.03395403451844507,0.03396591837485639,1.188385641131412e-05,1.588742840602845e-14,0.999999,1.4267145112623038e-14,-1.620283293405413e-15,0.0,1.57869e-11,0.0,0.0,hybrid-native,cpu,foundry-pdk-pre-silicon,pdk,ngspice,2696.5863999976136,15.775200001371559,1,off,off,20260218,v3-ber-contract-aligned-2026-02-18,gf180mcu,foundry-open,gf180mcu-open-local,6t-cell,Apache-2.0,native_fit,affine_corner_temp,14.6277,14.6277,-63.4163,248.975,0.476544,0.476544,289.77979532355033,289.77979532355033,304.1859861177076,1932.8825386799072,0.03395403451844507,0.03395403451844507,1.588742840602845e-14,0.0,spice_snm_mv_raw,spice_snm_mv_raw,False,fitted,usable,spice_snm_mv_raw,spice_snm_mv_raw,False,fitted,usable,,spice_read_snm_mv_raw,False,fitted,usable,,spice_write_margin_mv_raw,False,fitted,usable,,spice_noise_raw,False,fitted,usable,,spice_noise_sigma_raw,False,fitted,usable,0.4027812817508948,0.397525603712397,-0.005255678038497802,-58.175752914310664,883.3831688760961,45
ff_t298_v1p62,ff,298.15,1.62,279.9628746346411,262.2956647649848,-17.66720986965629,0.05127164281647782,0.053084288376146066,0.001812645559668244,0.999994,0.40814453125,0.40545732935353235,0.41028741101532873,0.0048300816617963815,279.9628746346411,262.2956647649848,-17.66720986965629,265.5157482375872,255.92555015984726,-9.590198077739956,1655.5343605309492,1566.9157116238541,-88.61864890709512,0.05127164281647782,0.053084288376146066,0.001812645559668244,1.9968133527164876e-12,0.999999,6.62153585920206e-12,4.6247225064855725e-12,0.0,4.32339e-09,0.0,0.0,hybrid-native,cpu,foundry-pdk-pre-silicon,pdk,ngspice,2686.8709000009403,16.654300001391675,1,off,off,20260218,v3-ber-contract-aligned-2026-02-18,gf180mcu,foundry-open,gf180mcu-open-local,6t-cell,Apache-2.0,native_fit,affine_corner_temp,0.128295,0.128295,-60.8529,204.074,0.474657,0.474657,279.9628746346411,279.9628746346411,265.5157482375872,1655.5343605309492,0.05127164281647782,0.05127164281647782,1.9968133527164876e-12,0.0,spice_snm_mv_raw,spice_snm_mv_raw,False,fitted,usable,spice_snm_mv_raw,spice_snm_mv_raw,False,fitted,usable,,spice_read_snm_mv_raw,False,fitted,usable,,spice_write_margin_mv_raw,False,fitted,usable,,spice_noise_raw,False,fitted,usable,,spice_noise_sigma_raw,False,fitted,usable,0.40545732935353235,0.41028741101532873,0.0048300816617963815,-58.175752914310664,883.3831688760961,45
ff_t298_v1p80,ff,298.15,1.8,280.9358451318075,280.2988889422053,-0.6369561896022446,0.051287068831913044,0.04947998807636279,-0.0018070807555502569,0.999511,0.40287109375,0.4051918483372949,0.4053656395141288,0.0001737911768339151,280.9358451318075,280.2988889422053,-0.6369561896022446,264.9631422979776,274.36129037304175,9.39814807506417,1660.349409481172,1750.5200119236372,90.17060244246522,0.051287068831913044,0.04947998807636279,-0.0018070807555502569,2.1396201829510917e-12,0.999921,6.609082981825608e-13,-1.478711884768531e-12,0.0,9.47338e-11,0.0,0.0,hybrid-native,cpu,foundry-pdk-pre-silicon,pdk,ngspice,2798.2480000027863,17.169099999591708,1,off,off,20260218,v3-ber-contract-aligned-2026-02-18,gf180mcu,foundry-open,gf180mcu-open-local,6t-cell,Apache-2.0,native_fit,affine_corner_temp,43.7784,43.7784,-25.5419,234.64,0.473334,0.473334,280.9358451318075,280.9358451318075,264.9631422979776,1660.349409481172,0.051287068831913044,0.051287068831913044,2.1396201829510917e-12,0.0,spice_snm_mv_raw,spice_snm_mv_raw,False,fitted,usable,spice_snm_mv_raw,spice_snm_mv_raw,False,fitted,usable,,spice_read_snm_mv_raw,False,fitted,usable,,spice_write_margin_mv_raw,False,fitted,usable,,spice_noise_raw,False,fitted,usable,,spice_noise_sigma_raw,False,fitted,usable,0.4051918483372949,0.4053656395141288,0.0001737911768339151,-58.175752914310664,883.3831688760961,45
ff_t298_v1p98,ff,298.15,1.98,279.9967324776296,298.30089853688827,18.304166059258648,0.04626229207624711,0.04625672727212911,-5.564804118000921e-06,0.999993,0.40390625,0.4054480901022769,0.40046314552324025,-0.004984944579036643,279.9967324776296,298.30089853688827,18.304166059258648,292.55804126155704,292.75009126423276,0.19205000267572814,1935.2952262632416,1933.743272727871,-1.5519535353705578,0.04626229207624711,0.04625672727212911,-5.564804118000921e-06,6.796692822354393e-14,1.0,6.635472602026041e-14,-1.6122022032835231e-15,0.0,1.68444e-105,0.0,0.0,hybrid-native,cpu,foundry-pdk-pre-silicon,pdk,ngspice,2288.850499997352,19.00999999998021,1,off,off,20260218,v3-ber-contract-aligned-2026-02-18,gf180mcu,foundry-open,gf180mcu-open-local,6t-cell,Apache-2.0,native_fit,affine_corner_temp,1.64725,1.64725,-1788.83,1980.0,0.90428,0.90428,279.9967324776296,279.9967324776296,292.55804126155704,1935.2952262632416,0.04626229207624711,0.04626229207624711,6.796692822354393e-14,0.0,spice_snm_mv_raw,spice_snm_mv_raw,False,fitted,usable,spice_snm_mv_raw,spice_snm_mv_raw,False,fitted,usable,,spice_read_snm_mv_raw,False,fitted,usable,,spice_write_margin_mv_raw,False,fitted,usable,,spice_noise_raw,False,fitted,usable,,spice_noise_sigma_raw,False,fitted,usable,0.4054480901022769,0.40046314552324025,-0.004984944579036643,-58.175752914310664,883.3831688760961,45
ff_t398_v1p62,ff,398.15,1.62,262.9449271614614,245.62640618687263,-17.31852097458878,0.08122659083130879,0.084152853097603,0.002926262266294208,0.999959,0.41810546875,0.4101095949212346,0.4148605949328822,0.004751000011647577,262.9449271614614,245.62640618687263,-17.31852097458878,235.65702373000622,235.52806381516027,-0.12895991484595015,1536.5634604227403,1535.847146902397,-0.7163135203431921,0.08122659083130879,0.084152853097603,0.002926262266294208,8.342042217513579e-11,1.0,8.477605553475847e-11,1.3556333596226796e-12,0.0,5.88963e-86,0.0,0.0,hybrid-native,cpu,foundry-pdk-pre-silicon,pdk,ngspice,2384.0111999998044,18.96669999769074,1,off,off,20260218,v3-ber-contract-aligned-2026-02-18,gf180mcu,foundry-open,gf180mcu-open-local,6t-cell,Apache-2.0,native_fit,affine_corner_temp,19.0804,19.0804,-1427.7,1619.99,0.893074,0.893074,262.9449271614614,262.9449271614614,235.65702373000622,1536.5634604227403,0.08122659083130879,0.08122659083130879,8.342042217513579e-11,0.0,spice_snm_mv_raw,spice_snm_mv_raw,False,fitted,usable,spice_snm_mv_raw,spice_snm_mv_raw,False,fitted,usable,,spice_read_snm_mv_raw,False,fitted,usable,,spice_write_margin_mv_raw,False,fitted,usable,,spice_noise_raw,False,fitted,usable,,spice_noise_sigma_raw,False,fitted,usable,0.4101095949212346,0.4148605949328822,0.004751000011647577,-58.175752914310664,883.3831688760961,45
ff_t398_v1p80,ff,398.15,1.8,254.0626708815355,263.60877998402475,9.546109102489254,0.07693398134986751,0.07295496011223461,-0.003979021237632899,0.999945,0.41248046875,0.41254423342473084,0.40992780718089145,-0.002616426243839398,254.0626708815355,263.60877998402475,9.546109102489254,254.59819400388088,254.8541847705566,0.2559907666757226,1725.612412847077,1727.0450398877654,1.4326270406884305,0.07693398134986751,0.07295496011223461,-0.003979021237632899,7.816578020005445e-12,1.0,7.570415999220905e-12,-2.4616202078453996e-13,0.0,9.9659e-96,0.0,0.0,hybrid-native,cpu,foundry-pdk-pre-silicon,pdk,ngspice,2373.642499998823,16.096200000902172,1,off,off,20260218,v3-ber-contract-aligned-2026-02-18,gf180mcu,foundry-open,gf180mcu-open-local,6t-cell,Apache-2.0,native_fit,affine_corner_temp,21.9204,21.9204,-1582.45,1799.99,0.891318,0.891318,254.0626708815355,254.0626708815355,254.59819400388088,1725.612412847077,0.07693398134986751,0.07693398134986751,7.816578020005445e-12,0.0,spice_snm_mv_raw,spice_snm_mv_raw,False,fitted,usable,spice_snm_mv_raw,spice_snm_mv_raw,False,fitted,usable,,spice_read_snm_mv_raw,False,fitted,usable,,spice_write_margin_mv_raw,False,fitted,usable,,spice_noise_raw,False,fitted,usable,,spice_noise_sigma_raw,False,fitted,usable,0.41254423342473084,0.40992780718089145,-0.002616426243839398,-58.175752914310664,883.3831688760961,45
ff_t398_v1p98,ff,398.15,1.98,273.8541518551267,281.6265637272262,7.772411872099497,0.06500218927759338,0.06605494824893163,0.0010527589713382468,0.999971,0.4079296875,0.40712538976038815,0.4050034151371692,-0.0021219746232189474,273.8541518551267,281.6265637272262,7.772411872099497,273.8270007891843,273.6999699373544,-0.12703085182988616,1914.6613652714136,1913.9450517510684,-0.7163135203452384,0.06500218927759338,0.06605494824893163,0.0010527589713382468,7.065551756624642e-13,1.0,7.17864011970755e-13,1.1308836308290741e-14,0.0,1.68613e-105,0.0,0.0,hybrid-native,cpu,foundry-pdk-pre-silicon,pdk,ngspice,2652.3205999983475,16.75930000055814,1,off,off,20260218,v3-ber-contract-aligned-2026-02-18,gf180mcu,foundry-open,gf180mcu-open-local,6t-cell,Apache-2.0,native_fit,affine_corner_temp,15.5923,15.5923,-1739.55,1979.99,0.886437,0.886437,273.8541518551267,273.8541518551267,273.8270007891843,1914.6613652714136,0.06500218927759338,0.06500218927759338,7.065551756624642e-13,0.0,spice_snm_mv_raw,spice_snm_mv_raw,False,fitted,usable,spice_snm_mv_raw,spice_snm_mv_raw,False,fitted,usable,,spice_read_snm_mv_raw,False,fitted,usable,,spice_write_margin_mv_raw,False,fitted,usable,,spice_noise_raw,False,fitted,usable,,spice_noise_sigma_raw,False,fitted,usable,0.40712538976038815,0.4050034151371692,-0.0021219746232189474,-58.175752914310664,883.3831688760961,45
ss_t233_v1p62,ss,233.15,1.62,275.25257362774477,273.1348139718743,-2.1177596558704863,0.038579319541629596,0.03841258919728267,-0.00016673034434692285,0.999994,0.4003125,0.4067433433189657,0.4073219554315851,0.0005786121126193922,275.25257362774477,273.1348139718743,-2.1177596558704863,284.1453383881638,268.52530326820033,-15.620035119963461,1776.5469454697836,1581.5874108027174,-194.95953466706624,0.038579319541629596,0.03841258919728267,-0.00016673034434692285,1.9453441657760988e-13,1.0,1.3707502359062531e-12,1.1762158193286432e-12,0.0,8.68594e-39,0.0,0.0,hybrid-native,cpu,foundry-pdk-pre-silicon,pdk,ngspice,3539.257500000531,21.000299999286653,1,off,off,20260218,v3-ber-contract-aligned-2026-02-18,gf180mcu,foundry-open,gf180mcu-open-local,6t-cell,Apache-2.0,native_fit,affine_corner_temp,0.0560867,0.0560867,-675.38,751.113,0.685111,0.685111,275.25257362774477,275.25257362774477,284.1453383881638,1776.5469454697836,0.038579319541629596,0.038579319541629596,1.9453441657760988e-13,0.0,spice_snm_mv_raw,spice_snm_mv_raw,False,fitted,usable,spice_snm_mv_raw,spice_snm_mv_raw,False,fitted,usable,,spice_read_snm_mv_raw,False,fitted,usable,,spice_write_margin_mv_raw,False,fitted,usable,,spice_noise_raw,False,fitted,usable,,spice_noise_sigma_raw,False,fitted,usable,0.4067433433189657,0.4073219554315851,0.0005786121126193922,-58.175752914310664,883.3831688760961,45
ss_t233_v1p80,ss,233.15,1.8,287.8366313686096,291.1403249557242,3.303693587114651,0.03551006331560994,0.03615842207021109,0.0006483587546011471,0.999992,0.4016796875,0.40331052548507224,0.4024108600108078,-0.000899665474264455,287.8366313686096,291.1403249557242,3.303693587114651,276.3553733085844,286.80131430729887,10.445940998714491,1697.2862605404732,1763.8415779297889,66.55531738931563,0.03551006331560994,0.03615842207021109,0.0006483587546011471,5.150967418820563e-13,1.0,1.3957639789274375e-13,-3.7552034398931253e-13,0.0,9.95594e-96,0.0,0.0,hybrid-native,cpu,foundry-pdk-pre-silicon,pdk,ngspice,3594.3401000004087,20.43520000006538,1,off,off,20260218,v3-ber-contract-aligned-2026-02-18,gf180mcu,foundry-open,gf180mcu-open-local,6t-cell,Apache-2.0,native_fit,affine_corner_temp,2.23656,2.23656,-970.827,1800.0,0.540591,0.540591,287.8366313686096,287.8366313686096,276.3553733085844,1697.2862605404732,0.03551006331560994,0.03551006331560994,5.150967418820563e-13,0.0,spice_snm_mv_raw,spice_snm_mv_raw,False,fitted,usable,spice_snm_mv_raw,spice_snm_mv_raw,False,fitted,usable,,spice_read_snm_mv_raw,False,fitted,usable,,spice_write_margin_mv_raw,False,fitted,usable,,spice_noise_raw,False,fitted,usable,,spice_noise_sigma_raw,False,fitted,usable,0.40331052548507224,0.4024108600108078,-0.000899665474264455,-58.175752914310664,883.3831688760961,45
ss_t233_v1p98,ss,233.15,1.98,310.3083805012016,309.1224465699574,-1.1859339312442216,0.03444754678511061,0.03396591837485639,-0.00048162841025422426,0.999989,0.3977734375,0.397204122743764,0.397525603712397,0.00032148096863299225,310.3083805012016,309.1224465699574,-1.1859339312442216,299.8724422437257,305.0465363649746,5.174094121248913,1817.6298643473926,1946.0340816251435,128.40421727775083,0.03444754678511061,0.03396591837485639,-0.00048162841025422426,2.7240943423714216e-14,1.0,1.4267145112623038e-14,-1.2973798311091177e-14,0.0,2.83606e-09,0.0,0.0,hybrid-native,cpu,foundry-pdk-pre-silicon,pdk,ngspice,2918.2475000015984,17.314299999270588,1,off,off,20260218,v3-ber-contract-aligned-2026-02-18,gf180mcu,foundry-open,gf180mcu-open-local,6t-cell,Apache-2.0,native_fit,affine_corner_temp,6.1303,6.1303,-78.9042,207.447,0.490561,0.490561,310.3083805012016,310.3083805012016,299.8724422437257,1817.6298643473926,0.03444754678511061,0.03444754678511061,2.7240943423714216e-14,0.0,spice_snm_mv_raw,spice_snm_mv_raw,False,fitted,usable,spice_snm_mv_raw,spice_snm_mv_raw,False,fitted,usable,,spice_read_snm_mv_raw,False,fitted,usable,,spice_write_margin_mv_raw,False,fitted,usable,,spice_noise_raw,False,fitted,usable,,spice_noise_sigma_raw,False,fitted,usable,0.397204122743764,0.397525603712397,0.00032148096863299225,-58.175752914310664,883.3831688760961,45
ss_t298_v1p62,ss,298.15,1.62,268.15438490070363,262.2956647649848,-5.8587201357188405,0.053087940741065966,0.053084288376146066,-3.6523649198996755e-06,0.999994,0.40814453125,0.4086837140417976,0.41028741101532873,0.0016036969735311324,268.15438490070363,262.2956647649848,-5.8587201357188405,254.88233719438472,255.92555015984726,1.0432129654625442,1558.8984763338788,1566.9157116238541,8.01723528997536,0.053087940741065966,0.053084288376146066,-3.6523649198996755e-06,7.543822124322073e-12,1.0,6.62153585920206e-12,-9.222862651200134e-13,0.0,2.77797e-07,0.0,0.0,hybrid-native,cpu,foundry-pdk-pre-silicon,pdk,ngspice,4229.084400001739,21.231300001090858,1,off,off,20260218,v3-ber-contract-aligned-2026-02-18,gf180mcu,foundry-open,gf180mcu-open-local,6t-cell,Apache-2.0,native_fit,affine_corner_temp,1.99505e-05,1.99505e-05,-589.277,170.771,0.811044,0.811044,268.15438490070363,268.15438490070363,254.88233719438472,1558.8984763338788,0.053087940741065966,0.053087940741065966,7.543822124322073e-12,0.0,spice_snm_mv_raw,spice_snm_mv_raw,False,fitted,usable,spice_snm_mv_raw,spice_snm_mv_raw,False,fitted,usable,,spice_read_snm_mv_raw,False,fitted,usable,,spice_write_margin_mv_raw,False,fitted,usable,,spice_noise_raw,False,fitted,usable,,spice_noise_sigma_raw,False,fitted,usable,0.4086837140417976,0.41028741101532873,0.0016036969735311324,-58.175752914310664,883.3831688760961,45
ss_t298_v1p80,ss,298.15,1.8,290.45001848981053,280.2988889422053,-10.151129547605251,0.047872469894662595,0.04947998807636279,0.0016075181817001918,0.999983,0.40287109375,0.4025987909604506,0.4053656395141288,0.002766848553678203,290.45001848981053,280.2988889422053,-10.151129547605251,281.9103171166755,274.36129037304175,-7.54902674363376,1831.1034262927867,1750.5200119236372,-80.58341436914952,0.047872469894662595,0.04947998807636279,0.0016075181817001918,2.5723414890076575e-13,1.0,6.609082981825608e-13,4.0367414928179504e-13,0.0,9.95594e-96,0.0,0.0,hybrid-native,cpu,foundry-pdk-pre-silicon,pdk,ngspice,2873.225299998012,19.44520000324701,1,off,off,20260218,v3-ber-contract-aligned-2026-02-18,gf180mcu,foundry-open,gf180mcu-open-local,6t-cell,Apache-2.0,native_fit,affine_corner_temp,10.4525,10.4525,-1654.94,1800.0,0.925218,0.925218,290.45001848981053,290.45001848981053,281.9103171166755,1831.1034262927867,0.047872469894662595,0.047872469894662595,2.5723414890076575e-13,0.0,spice_snm_mv_raw,spice_snm_mv_raw,False,fitted,usable,spice_snm_mv_raw,spice_snm_mv_raw,False,fitted,usable,,spice_read_snm_mv_raw,False,fitted,usable,,spice_write_margin_mv_raw,False,fitted,usable,,spice_noise_raw,False,fitted,usable,,spice_noise_sigma_raw,False,fitted,usable,0.4025987909604506,0.4053656395141288,0.002766848553678203,-58.175752914310664,883.3831688760961,45
ss_t298_v1p98,ss,298.15,1.98,282.2910488535641,298.30089853688827,16.00984968332415,0.0478605930889094,0.04625672727212911,-0.0016038658167802922,0.999988,0.40390625,0.4048221650393933,0.40046314552324025,-0.004359019516153029,282.2910488535641,298.30089853688827,16.00984968332415,286.2442774860616,292.75009126423276,6.505813778171159,1861.1770936486976,1933.743272727871,72.56617907917348,0.0478605930889094,0.04625672727212911,-0.0016038658167802922,1.4964139160952194e-13,1.0,6.635472602026041e-14,-8.328666558926153e-14,0.0,1.68444e-105,0.0,0.0,hybrid-native,cpu,foundry-pdk-pre-silicon,pdk,ngspice,2843.550300000061,24.26450000348268,1,off,off,20260218,v3-ber-contract-aligned-2026-02-18,gf180mcu,foundry-open,gf180mcu-open-local,6t-cell,Apache-2.0,native_fit,affine_corner_temp,6.62747,6.62747,-1825.82,1980.0,0.925478,0.925478,282.2910488535641,282.2910488535641,286.2442774860616,1861.1770936486976,0.0478605930889094,0.0478605930889094,1.4964139160952194e-13,0.0,spice_snm_mv_raw,spice_snm_mv_raw,False,fitted,usable,spice_snm_mv_raw,spice_snm_mv_raw,False,fitted,usable,,spice_read_snm_mv_raw,False,fitted,usable,,spice_write_margin_mv_raw,False,fitted,usable,,spice_noise_raw,False,fitted,usable,,spice_noise_sigma_raw,False,fitted,usable,0.4048221650393933,0.40046314552324025,-0.004359019516153029,-58.175752914310664,883.3831688760961,45
ss_t398_v1p62,ss,398.15,1.62,247.86887502841122,245.62640618687263,-2.242468841538596,0.0747641226981456,0.084152853097603,0.009388730399457396,0.999987,0.41810546875,0.41424450410524927,0.4148605949328822,0.0006160908276329202,247.86887502841122,245.62640618687263,-2.242468841538596,254.87568157147723,235.52806381516027,-19.347617756316964,1654.4301736714904,1535.847146902397,-118.5830267690933,0.0747641226981456,0.084152853097603,0.009388730399457396,7.550100840175273e-12,1.0,8.477605553475847e-11,7.72259546945832e-11,0.0,5.88595e-86,0.0,0.0,hybrid-native,cpu,foundry-pdk-pre-silicon,pdk,ngspice,2587.235099999816,16.882200001418823,1,off,off,20260218,v3-ber-contract-aligned-2026-02-18,gf180mcu,foundry-open,gf180mcu-open-local,6t-cell,Apache-2.0,native_fit,affine_corner_temp,7.58315,7.58315,-795.146,1620.0,0.495513,0.495513,247.86887502841122,247.86887502841122,254.87568157147723,1654.4301736714904,0.0747641226981456,0.0747641226981456,7.550100840175273e-12,0.0,spice_snm_mv_raw,spice_snm_mv_raw,False,fitted,usable,spice_snm_mv_raw,spice_snm_mv_raw,False,fitted,usable,,spice_read_snm_mv_raw,False,fitted,usable,,spice_write_margin_mv_raw,False,fitted,usable,,spice_noise_raw,False,fitted,usable,,spice_noise_sigma_raw,False,fitted,usable,0.41424450410524927,0.4148605949328822,0.0006160908276329202,-58.175752914310664,883.3831688760961,45
ss_t398_v1p80,ss,398.15,1.8,260.15224958597673,263.60877998402475,3.4565303980480167,0.07355218654226,0.07295496011223461,-0.0005972264300253965,0.99999,0.41248046875,0.4108746029812397,0.40992780718089145,-0.0009467958003482324,260.15224958597673,263.60877998402475,3.4565303980480167,245.46887588823887,254.8541847705566,9.38530888231773,1622.207299216119,1727.0450398877654,104.83774067164632,0.07355218654226,0.07295496011223461,-0.0005972264300253965,2.4469113037783806e-11,1.0,7.570415999220905e-12,-1.68986970385629e-11,0.0,9.95718e-96,0.0,0.0,hybrid-native,cpu,foundry-pdk-pre-silicon,pdk,ngspice,2386.7817999998806,13.589099999080645,1,off,off,20260218,v3-ber-contract-aligned-2026-02-18,gf180mcu,foundry-open,gf180mcu-open-local,6t-cell,Apache-2.0,native_fit,affine_corner_temp,4.92512,4.92512,-1571.79,1800.0,0.875951,0.875951,260.15224958597673,260.15224958597673,245.46887588823887,1622.207299216119,0.07355218654226,0.07355218654226,2.4469113037783806e-11,0.0,spice_snm_mv_raw,spice_snm_mv_raw,False,fitted,usable,spice_snm_mv_raw,spice_snm_mv_raw,False,fitted,usable,,spice_read_snm_mv_raw,False,fitted,usable,,spice_write_margin_mv_raw,False,fitted,usable,,spice_noise_raw,False,fitted,usable,,spice_noise_sigma_raw,False,fitted,usable,0.4108746029812397,0.40992780718089145,-0.0009467958003482324,-58.175752914310664,883.3831688760961,45
ss_t398_v1p98,ss,398.15,1.98,282.84062528373556,281.6265637272262,-1.214061556509364,0.07484645221836363,0.06605494824893163,-0.008791503969431999,0.999994,0.4079296875,0.40467227793081595,0.4050034151371692,0.00033113720635324917,282.84062528373556,281.6265637272262,-1.214061556509364,263.73766106335523,273.6999699373544,9.962308873999177,1900.1997656536219,1913.9450517510684,13.745286097446524,0.07484645221836363,0.06605494824893163,-0.008791503969431999,2.4938145424533122e-12,0.999999,7.17864011970755e-13,-1.7759505304825574e-12,0.0,1.99346e-11,0.0,0.0,hybrid-native,cpu,foundry-pdk-pre-silicon,pdk,ngspice,2331.2704999989364,14.621599999372847,1,off,off,20260218,v3-ber-contract-aligned-2026-02-18,gf180mcu,foundry-open,gf180mcu-open-local,6t-cell,Apache-2.0,native_fit,affine_corner_temp,0.0155259,0.0155259,-63.4839,247.108,0.469669,0.469669,282.84062528373556,282.84062528373556,263.73766106335523,1900.1997656536219,0.07484645221836363,0.07484645221836363,2.4938145424533122e-12,0.0,spice_snm_mv_raw,spice_snm_mv_raw,False,fitted,usable,spice_snm_mv_raw,spice_snm_mv_raw,False,fitted,usable,,spice_read_snm_mv_raw,False,fitted,usable,,spice_write_margin_mv_raw,False,fitted,usable,,spice_noise_raw,False,fitted,usable,,spice_noise_sigma_raw,False,fitted,usable,0.40467227793081595,0.4050034151371692,0.00033113720635324917,-58.175752914310664,883.3831688760961,45
sf_t233_v1p62,sf,233.15,1.62,272.7150590513291,273.1348139718743,0.4197549205451878,0.03730984792984594,0.03841258919728267,0.0011027412674367298,0.999988,0.4003125,0.4074366710240232,0.4073219554315851,-0.00011471559243808604,272.7150590513291,273.1348139718743,0.4197549205451878,279.4321525051402,268.52530326820033,-10.906849236939877,1694.3617998329285,1581.5874108027174,-112.77438903021107,0.03730984792984594,0.03841258919728267,0.0011027412674367298,3.5063904473776105e-13,1.0,1.3707502359062531e-12,1.020111191168492e-12,0.0,5.88448e-86,0.0,0.0,hybrid-native,cpu,foundry-pdk-pre-silicon,pdk,ngspice,2363.577799998893,22.45509999920614,1,off,off,20260218,v3-ber-contract-aligned-2026-02-18,gf180mcu,foundry-open,gf180mcu-open-local,6t-cell,Apache-2.0,native_fit,affine_corner_temp,6.49942,6.49942,-1463.29,1620.0,0.907276,0.907276,272.7150590513291,272.7150590513291,279.4321525051402,1694.3617998329285,0.03730984792984594,0.03730984792984594,3.5063904473776105e-13,0.0,spice_snm_mv_raw,spice_snm_mv_raw,False,fitted,usable,spice_snm_mv_raw,spice_snm_mv_raw,False,fitted,usable,,spice_read_snm_mv_raw,False,fitted,usable,,spice_write_margin_mv_raw,False,fitted,usable,,spice_noise_raw,False,fitted,usable,,spice_noise_sigma_raw,False,fitted,usable,0.4074366710240232,0.4073219554315851,-0.00011471559243808604,-58.175752914310664,883.3831688760961,45
sf_t233_v1p80,sf,233.15,1.8,292.04946148563135,291.1403249557242,-0.9091365299071299,0.03727330338192268,0.03615842207021109,-0.0011148813117115922,0.999981,0.4016796875,0.40216339789431804,0.4024108600108078,0.00024746211648973837,292.04946148563135,291.1403249557242,-0.9091365299071299,276.909066988311,286.80131430729887,9.89224731898787,1663.8422720977233,1763.8415779297889,99.9993058320656,0.03727330338192268,0.03615842207021109,-0.0011148813117115922,4.806517624792524e-13,1.0,1.3957639789274375e-13,-3.4107536458650867e-13,0.0,9.95594e-96,0.0,0.0,hybrid-native,cpu,foundry-pdk-pre-silicon,pdk,ngspice,2415.290599998116,17.200700000103097,1,off,off,20260218,v3-ber-contract-aligned-2026-02-18,gf180mcu,foundry-open,gf180mcu-open-local,6t-cell,Apache-2.0,native_fit,affine_corner_temp,11.1656,11.1656,-1613.08,1800.0,0.90236,0.90236,292.04946148563135,292.04946148563135,276.909066988311,1663.8422720977233,0.03727330338192268,0.03727330338192268,4.806517624792524e-13,0.0,spice_snm_mv_raw,spice_snm_mv_raw,False,fitted,usable,spice_snm_mv_raw,spice_snm_mv_raw,False,fitted,usable,,spice_read_snm_mv_raw,False,fitted,usable,,spice_write_margin_mv_raw,False,fitted,usable,,spice_noise_raw,False,fitted,usable,,spice_noise_sigma_raw,False,fitted,usable,0.40216339789431804,0.4024108600108078,0.00024746211648973837,-58.175752914310664,883.3831688760961,45
sf_t233_v1p98,sf,233.15,1.98,308.6330649605954,309.1224465699574,0.4893816093619989,0.03395377833058152,0.03396591837485639,1.2140044274869255e-05,0.999972,0.3977734375,0.3976582902524784,0.397525603712397,-0.000132686540081417,308.6330649605954,309.1224465699574,0.4893816093619989,304.03193444702265,305.0465363649746,1.0146019179519499,1933.258998426998,1946.0340816251435,12.775083198145467,0.03395377833058152,0.03396591837485639,1.2140044274869255e-05,1.619632863415003e-14,0.998651,1.4267145112623038e-14,-1.9291835215269914e-15,0.0,1.81501e-09,0.0,0.0,hybrid-native,cpu,foundry-pdk-pre-silicon,pdk,ngspice,2736.1905999969167,13.18859999810229,1,off,off,20260218,v3-ber-contract-aligned-2026-02-18,gf180mcu,foundry-open,gf180mcu-open-local,6t-cell,Apache-2.0,native_fit,affine_corner_temp,15.1679,15.1679,-2.85542,211.017,0.455815,0.455815,308.6330649605954,308.6330649605954,304.03193444702265,1933.258998426998,0.03395377833058152,0.03395377833058152,1.619632863415003e-14,0.0,spice_snm_mv_raw,spice_snm_mv_raw,False,fitted,usable,spice_snm_mv_raw,spice_snm_mv_raw,False,fitted,usable,,spice_read_snm_mv_raw,False,fitted,usable,,spice_write_margin_mv_raw,False,fitted,usable,,spice_noise_raw,False,fitted,usable,,spice_noise_sigma_raw,False,fitted,usable,0.3976582902524784,0.397525603712397,-0.000132686540081417,-58.175752914310664,883.3831688760961,45
sf_t298_v1p62,sf,298.15,1.62,276.5590451263875,262.2956647649848,-14.26338036140271,0.05311404015615219,0.053084288376146066,-2.9751780006123663e-05,0.999987,0.40814453125,0.40638651943174864,0.41028741101532873,0.0039008915835800906,276.5590451263875,262.2956647649848,-14.26338036140271,255.77506877300334,255.92555015984726,0.15048138684392143,1568.3991557690174,1566.9157116238541,-1.4834441451632756,0.05311404015615219,0.053084288376146066,-2.9751780006123663e-05,6.747266900750887e-12,1.0,6.62153585920206e-12,-1.2573104154882726e-13,0.0,5.88448e-86,0.0,0.0,hybrid-native,cpu,foundry-pdk-pre-silicon,pdk,ngspice,2630.9277000000293,16.788099997938843,1,off,off,20260218,v3-ber-contract-aligned-2026-02-18,gf180mcu,foundry-open,gf180mcu-open-local,6t-cell,Apache-2.0,native_fit,affine_corner_temp,7.13519,7.13519,-1452.98,1620.0,0.901304,0.901304,276.5590451263875,276.5590451263875,255.77506877300334,1568.3991557690174,0.05311404015615219,0.05311404015615219,6.747266900750887e-12,0.0,spice_snm_mv_raw,spice_snm_mv_raw,False,fitted,usable,spice_snm_mv_raw,spice_snm_mv_raw,False,fitted,usable,,spice_read_snm_mv_raw,False,fitted,usable,,spice_write_margin_mv_raw,False,fitted,usable,,spice_noise_raw,False,fitted,usable,,spice_noise_sigma_raw,False,fitted,usable,0.40638651943174864,0.41028741101532873,0.0039008915835800906,-58.175752914310664,883.3831688760961,45
sf_t298_v1p80,sf,298.15,1.8,269.9051434660123,280.2988889422053,10.393745476192976,0.04790359687906757,0.04947998807636279,0.0015763911972952183,0.99999,0.40287109375,0.40820485733039785,0.4053656395141288,-0.0028392178162690573,269.9051434660123,280.2988889422053,10.393745476192976,283.3970276876441,274.36129037304175,-9.03573731460233,1843.5492588813509,1750.5200119236372,-93.02924695771367,0.04790359687906757,0.04947998807636279,0.0015763911972952183,2.1360914801509063e-13,0.999727,6.609082981825608e-13,4.472991501674702e-13,0.0,3.86811e-09,0.0,0.0,hybrid-native,cpu,foundry-pdk-pre-silicon,pdk,ngspice,2742.9759000006015,15.620999998645857,1,off,off,20260218,v3-ber-contract-aligned-2026-02-18,gf180mcu,foundry-open,gf180mcu-open-local,6t-cell,Apache-2.0,native_fit,affine_corner_temp,4.37604,4.37604,-15.636,204.964,0.454183,0.454183,269.9051434660123,269.9051434660123,283.3970276876441,1843.5492588813509,0.04790359687906757,0.04790359687906757,2.1360914801509063e-13,0.0,spice_snm_mv_raw,spice_snm_mv_raw,False,fitted,usable,spice_snm_mv_raw,spice_snm_mv_raw,False,fitted,usable,,spice_read_snm_mv_raw,False,fitted,usable,,spice_write_margin_mv_raw,False,fitted,usable,,spice_noise_raw,False,fitted,usable,,spice_noise_sigma_raw,False,fitted,usable,0.40820485733039785,0.4053656395141288,-0.0028392178162690573,-58.175752914310664,883.3831688760961,45
sf_t298_v1p98,sf,298.15,1.98,294.43126365167853,298.30089853688827,3.8696348852097344,0.047803366689418224,0.04625672727212911,-0.0015466394172891154,0.999974,0.40390625,0.401515320612514,0.40046314552324025,-0.0010521750892737436,294.43126365167853,298.30089853688827,3.8696348852097344,283.86483533647436,292.75009126423276,8.885255927758408,1839.230581624995,1933.743272727871,94.51269110287603,0.047803366689418224,0.04625672727212911,-0.0015466394172891154,2.0147634457622934e-13,0.9943,6.635472602026041e-14,-1.3512161855596893e-13,0.0,2.40867e-10,0.0,0.0,hybrid-native,cpu,foundry-pdk-pre-silicon,pdk,ngspice,2841.985200000636,18.693899997742847,1,off,off,20260218,v3-ber-contract-aligned-2026-02-18,gf180mcu,foundry-open,gf180mcu-open-local,6t-cell,Apache-2.0,native_fit,affine_corner_temp,14.5462,14.5462,8.70697,227.174,0.445582,0.445582,294.43126365167853,294.43126365167853,283.86483533647436,1839.230581624995,0.047803366689418224,0.047803366689418224,2.0147634457622934e-13,0.0,spice_snm_mv_raw,spice_snm_mv_raw,False,fitted,usable,spice_snm_mv_raw,spice_snm_mv_raw,False,fitted,usable,,spice_read_snm_mv_raw,False,fitted,usable,,spice_write_margin_mv_raw,False,fitted,usable,,spice_noise_raw,False,fitted,usable,,spice_noise_sigma_raw,False,fitted,usable,0.401515320612514,0.40046314552324025,-0.0010521750892737436,-58.175752914310664,883.3831688760961,45
sf_t398_v1p62,sf,398.15,1.62,264.2566801132702,245.62640618687263,-18.630273926397564,0.075127464256462,0.084152853097603,0.009025388841141,0.999975,0.41810546875,0.40975041161269504,0.4148605949328822,0.005110183320187145,264.2566801132702,245.62640618687263,-18.630273926397564,256.1025237304313,235.52806381516027,-20.574459915271035,1538.9400500972272,1535.847146902397,-3.0929031948301144,0.075127464256462,0.084152853097603,0.009025388841141,6.476664561082728e-12,0.98915,8.477605553475847e-11,7.829939097367575e-11,0.0,1.17924e-08,0.0,0.0,hybrid-native,cpu,foundry-pdk-pre-silicon,pdk,ngspice,2644.9627000001783,15.375099999801023,1,off,off,20260218,v3-ber-contract-aligned-2026-02-18,gf180mcu,foundry-open,gf180mcu-open-local,6t-cell,Apache-2.0,native_fit,affine_corner_temp,14.0441,14.0441,13.8988,196.047,0.439582,0.439582,264.2566801132702,264.2566801132702,256.1025237304313,1538.9400500972272,0.075127464256462,0.075127464256462,6.476664561082728e-12,0.0,spice_snm_mv_raw,spice_snm_mv_raw,False,fitted,usable,spice_snm_mv_raw,spice_snm_mv_raw,False,fitted,usable,,spice_read_snm_mv_raw,False,fitted,usable,,spice_write_margin_mv_raw,False,fitted,usable,,spice_noise_raw,False,fitted,usable,,spice_noise_sigma_raw,False,fitted,usable,0.40975041161269504,0.4148605949328822,0.005110183320187145,-58.175752914310664,883.3831688760961,45
sf_t398_v1p80,sf,398.15,1.8,255.4213983025081,263.60877998402475,8.187381681516655,0.07856823011790448,0.07295496011223461,-0.005613270005669871,0.999992,0.41248046875,0.4121715239690384,0.40992780718089145,-0.0022437167881469433,255.4213983025081,263.60877998402475,8.187381681516655,248.59712371286938,254.8541847705566,6.257061057687224,1721.074343338848,1727.0450398877654,5.970696548917431,0.07856823011790448,0.07295496011223461,-0.005613270005669871,1.6549909802419e-11,0.998909,7.570415999220905e-12,-8.979493803198095e-12,0.0,3.43203e-10,0.0,0.0,hybrid-native,cpu,foundry-pdk-pre-silicon,pdk,ngspice,2264.556799997081,13.974499997857492,1,off,off,20260218,v3-ber-contract-aligned-2026-02-18,gf180mcu,foundry-open,gf180mcu-open-local,6t-cell,Apache-2.0,native_fit,affine_corner_temp,2.53373,2.53373,-4.55598,224.342,0.441622,0.441622,255.4213983025081,255.4213983025081,248.59712371286938,1721.074343338848,0.07856823011790448,0.07856823011790448,1.6549909802419e-11,0.0,spice_snm_mv_raw,spice_snm_mv_raw,False,fitted,usable,spice_snm_mv_raw,spice_snm_mv_raw,False,fitted,usable,,spice_read_snm_mv_raw,False,fitted,usable,,spice_write_margin_mv_raw,False,fitted,usable,,spice_noise_raw,False,fitted,usable,,spice_noise_sigma_raw,False,fitted,usable,0.4121715239690384,0.40992780718089145,-0.0022437167881469433,-58.175752914310664,883.3831688760961,45
sf_t398_v1p98,sf,398.15,1.98,271.18367148234523,281.6265637272262,10.442892244880966,0.06946706708440298,0.06605494824893163,-0.0034121188354713505,0.999938,0.4079296875,0.40785527222333834,0.4050034151371692,-0.0028518570861691406,271.18367148234523,281.6265637272262,10.442892244880966,259.3825710797706,273.6999699373544,14.317398857583783,1916.822845105156,1913.9450517510684,-2.8777933540875438,0.06946706708440298,0.06605494824893163,-0.0034121188354713505,4.29821461624287e-12,0.970815,7.17864011970755e-13,-3.580350604272115e-12,0.0,7.66754e-12,0.0,0.0,hybrid-native,cpu,foundry-pdk-pre-silicon,pdk,ngspice,2229.2468000014196,15.920699999696808,1,off,off,20260218,v3-ber-contract-aligned-2026-02-18,gf180mcu,foundry-open,gf180mcu-open-local,6t-cell,Apache-2.0,native_fit,affine_corner_temp,23.0684,23.0684,21.964,254.752,0.436226,0.436226,271.18367148234523,271.18367148234523,259.3825710797706,1916.822845105156,0.06946706708440298,0.06946706708440298,4.29821461624287e-12,0.0,spice_snm_mv_raw,spice_snm_mv_raw,False,fitted,usable,spice_snm_mv_raw,spice_snm_mv_raw,False,fitted,usable,,spice_read_snm_mv_raw,False,fitted,usable,,spice_write_margin_mv_raw,False,fitted,usable,,spice_noise_raw,False,fitted,usable,,spice_noise_sigma_raw,False,fitted,usable,0.40785527222333834,0.4050034151371692,-0.0028518570861691406,-58.175752914310664,883.3831688760961,45
fs_t233_v1p62,fs,233.15,1.62,284.3533429082082,273.1348139718743,-11.21852893633394,0.03834883737195577,0.03841258919728267,6.375182532690482e-05,0.999992,0.4003125,0.404259803233837,0.4073219554315851,0.003062152197748136,284.3533429082082,273.1348139718743,-11.21852893633394,267.1409515377761,268.52530326820033,1.384351730424214,1573.556890533651,1581.5874108027174,8.030520269066301,0.03834883737195577,0.03841258919728267,6.375182532690482e-05,1.6297101447594128e-12,1.0,1.3707502359062531e-12,-2.589599088531597e-13,0.0,4.14377e-08,0.0,0.0,hybrid-native,cpu,foundry-pdk-pre-silicon,pdk,ngspice,2239.4531999998435,12.066899998899316,1,off,off,20260218,v3-ber-contract-aligned-2026-02-18,gf180mcu,foundry-open,gf180mcu-open-local,6t-cell,Apache-2.0,native_fit,affine_corner_temp,2.65577,2.65577,-539.497,185.993,0.777257,0.777257,284.3533429082082,284.3533429082082,267.1409515377761,1573.556890533651,0.03834883737195577,0.03834883737195577,1.6297101447594128e-12,0.0,spice_snm_mv_raw,spice_snm_mv_raw,False,fitted,usable,spice_snm_mv_raw,spice_snm_mv_raw,False,fitted,usable,,spice_read_snm_mv_raw,False,fitted,usable,,spice_write_margin_mv_raw,False,fitted,usable,,spice_noise_raw,False,fitted,usable,,spice_noise_sigma_raw,False,fitted,usable,0.404259803233837,0.4073219554315851,0.003062152197748136,-58.175752914310664,883.3831688760961,45
fs_t233_v1p80,fs,233.15,1.8,281.2374407105131,291.1403249557242,9.902884245211112,0.03627793260325406,0.03615842207021109,-0.00011951053304296716,0.999994,0.4016796875,0.4051095673678018,0.4024108600108078,-0.0026987073569940123,281.2374407105131,291.1403249557242,9.902884245211112,292.6900285381196,286.80131430729887,-5.88871423082071,1843.8794089094852,1763.8415779297889,-80.03783097969631,0.03627793260325406,0.03615842207021109,-0.00011951053304296716,6.685478155692875e-14,1.0,1.3957639789274375e-13,7.2721616335815e-14,0.0,9.95594e-96,0.0,0.0,hybrid-native,cpu,foundry-pdk-pre-silicon,pdk,ngspice,2649.9704999987443,16.33880000008503,1,off,off,20260218,v3-ber-contract-aligned-2026-02-18,gf180mcu,foundry-open,gf180mcu-open-local,6t-cell,Apache-2.0,native_fit,affine_corner_temp,0.00818446,0.00818446,-1538.86,1800.0,0.854926,0.854926,281.2374407105131,281.2374407105131,292.6900285381196,1843.8794089094852,0.03627793260325406,0.03627793260325406,6.685478155692875e-14,0.0,spice_snm_mv_raw,spice_snm_mv_raw,False,fitted,usable,spice_snm_mv_raw,spice_snm_mv_raw,False,fitted,usable,,spice_read_snm_mv_raw,False,fitted,usable,,spice_write_margin_mv_raw,False,fitted,usable,,spice_noise_raw,False,fitted,usable,,spice_noise_sigma_raw,False,fitted,usable,0.4051095673678018,0.4024108600108078,-0.0026987073569940123,-58.175752914310664,883.3831688760961,45
fs_t233_v1p98,fs,233.15,1.98,307.8068018788345,309.1224465699574,1.315644691122884,0.033910159667140304,0.03396591837485639,5.5758707716083156e-05,0.999941,0.3977734375,0.39788234995200106,0.397525603712397,-0.0003567462396040777,307.8068018788345,309.1224465699574,1.315644691122884,300.54217386457805,305.0465363649746,4.504362500396553,1874.0267709145137,1946.0340816251435,72.00731071062978,0.033910159667140304,0.03396591837485639,5.5758707716083156e-05,2.5053277613811135e-14,1.0,1.4267145112623038e-14,-1.0786132501188097e-14,0.0,1.68444e-105,0.0,0.0,hybrid-native,cpu,foundry-pdk-pre-silicon,pdk,ngspice,2958.2299000030616,15.07839999976568,1,off,off,20260218,v3-ber-contract-aligned-2026-02-18,gf180mcu,foundry-open,gf180mcu-open-local,6t-cell,Apache-2.0,native_fit,affine_corner_temp,22.5842,22.5842,-1846.0,1980.0,0.943729,0.943729,307.8068018788345,307.8068018788345,300.54217386457805,1874.0267709145137,0.033910159667140304,0.033910159667140304,2.5053277613811135e-14,0.0,spice_snm_mv_raw,spice_snm_mv_raw,False,fitted,usable,spice_snm_mv_raw,spice_snm_mv_raw,False,fitted,usable,,spice_read_snm_mv_raw,False,fitted,usable,,spice_write_margin_mv_raw,False,fitted,usable,,spice_noise_raw,False,fitted,usable,,spice_noise_sigma_raw,False,fitted,usable,0.39788234995200106,0.397525603712397,-0.0003567462396040777,-58.175752914310664,883.3831688760961,45
fs_t298_v1p62,fs,298.15,1.62,262.89739960674115,262.2956647649848,-0.6017348417563539,0.053018697699774076,0.053084288376146066,6.559067637199045e-05,0.99999,0.40814453125,0.41012261068665257,0.41028741101532873,0.00016480032867616234,262.89739960674115,262.2956647649848,-0.6017348417563539,254.5221157883868,255.92555015984726,1.4034343714604631,1566.979218206447,1566.9157116238541,-0.06350658259293596,0.053018697699774076,0.053084288376146066,6.559067637199045e-05,7.891266505928737e-12,1.0,6.62153585920206e-12,-1.2697306467266771e-12,0.0,5.88448e-86,0.0,0.0,hybrid-native,cpu,foundry-pdk-pre-silicon,pdk,ngspice,2821.7559000004258,15.043200000945944,1,off,off,20260218,v3-ber-contract-aligned-2026-02-18,gf180mcu,foundry-open,gf180mcu-open-local,6t-cell,Apache-2.0,native_fit,affine_corner_temp,4.9313,4.9313,-1189.41,1620.0,0.737245,0.737245,262.89739960674115,262.89739960674115,254.5221157883868,1566.979218206447,0.053018697699774076,0.053018697699774076,7.891266505928737e-12,0.0,spice_snm_mv_raw,spice_snm_mv_raw,False,fitted,usable,spice_snm_mv_raw,spice_snm_mv_raw,False,fitted,usable,,spice_read_snm_mv_raw,False,fitted,usable,,spice_write_margin_mv_raw,False,fitted,usable,,spice_noise_raw,False,fitted,usable,,spice_noise_sigma_raw,False,fitted,usable,0.41012261068665257,0.41028741101532873,0.00016480032867616234,-58.175752914310664,883.3831688760961,45
fs_t298_v1p80,fs,298.15,1.8,289.80018884245214,280.2988889422053,-9.501299900246863,0.047802993796285914,0.04947998807636279,0.0016769942800768725,0.999962,0.40287109375,0.40277572853234955,0.4053656395141288,0.002589910981779242,289.80018884245214,280.2988889422053,-9.501299900246863,280.17836250539233,274.36129037304175,-5.8170721323505745,1750.3929987584545,1750.5200119236372,0.12701316518268868,0.047802993796285914,0.04947998807636279,0.0016769942800768725,3.1941176881497413e-13,1.0,6.609082981825608e-13,3.4149652936758666e-13,0.0,9.95594e-96,0.0,0.0,hybrid-native,cpu,foundry-pdk-pre-silicon,pdk,ngspice,2566.0955000021204,17.76449999670149,1,off,off,20260218,v3-ber-contract-aligned-2026-02-18,gf180mcu,foundry-open,gf180mcu-open-local,6t-cell,Apache-2.0,native_fit,affine_corner_temp,18.2574,18.2574,-1677.15,1800.0,0.941895,0.941895,289.80018884245214,289.80018884245214,280.17836250539233,1750.3929987584545,0.047802993796285914,0.047802993796285914,3.1941176881497413e-13,0.0,spice_snm_mv_raw,spice_snm_mv_raw,False,fitted,usable,spice_snm_mv_raw,spice_snm_mv_raw,False,fitted,usable,,spice_read_snm_mv_raw,False,fitted,usable,,spice_write_margin_mv_raw,False,fitted,usable,,spice_noise_raw,False,fitted,usable,,spice_noise_sigma_raw,False,fitted,usable,0.40277572853234955,0.4053656395141288,0.002589910981779242,-58.175752914310664,883.3831688760961,45
fs_t298_v1p98,fs,298.15,1.98,288.19786379488505,298.30089853688827,10.103034742003217,0.04799931222857798,0.04625672727212911,-0.00174258495644887,0.999965,0.40390625,0.40321212247936167,0.40046314552324025,-0.0027489769561214183,288.19786379488505,298.30089853688827,10.103034742003217,288.3364535033428,292.75009126423276,4.413637760889969,1933.8067793104617,1933.743272727871,-0.06350658259066222,0.04799931222857798,0.04625672727212911,-0.00174258495644887,1.1520575538956787e-13,1.0,6.635472602026041e-14,-4.8851029369307466e-14,0.0,1.68444e-105,0.0,0.0,hybrid-native,cpu,foundry-pdk-pre-silicon,pdk,ngspice,2492.1027999989747,17.948500000784406,1,off,off,20260218,v3-ber-contract-aligned-2026-02-18,gf180mcu,foundry-open,gf180mcu-open-local,6t-cell,Apache-2.0,native_fit,affine_corner_temp,17.4637,17.4637,-1832.24,1980.0,0.934192,0.934192,288.19786379488505,288.19786379488505,288.3364535033428,1933.8067793104617,0.04799931222857798,0.04799931222857798,1.1520575538956787e-13,0.0,spice_snm_mv_raw,spice_snm_mv_raw,False,fitted,usable,spice_snm_mv_raw,spice_snm_mv_raw,False,fitted,usable,,spice_read_snm_mv_raw,False,fitted,usable,,spice_write_margin_mv_raw,False,fitted,usable,,spice_noise_raw,False,fitted,usable,,spice_noise_sigma_raw,False,fitted,usable,0.40321212247936167,0.40046314552324025,-0.0027489769561214183,-58.175752914310664,883.3831688760961,45
fs_t398_v1p62,fs,398.15,1.62,245.61752578592981,245.62640618687263,0.008880400942814504,0.07679699712078009,0.084152853097603,0.007355855976822909,0.99998,0.41810546875,0.4148630352448916,0.4148605949328822,-2.44031200941075e-06,245.61752578592981,245.62640618687263,0.008880400942814504,255.49312161792201,235.52806381516027,-19.96505780276175,1738.9341926374834,1535.847146902397,-203.08704573508635,0.07679699712078009,0.084152853097603,0.007355855976822909,6.989303533174208e-12,1.0,8.477605553475847e-11,7.778675200158427e-11,0.0,5.88816e-86,0.0,0.0,hybrid-native,cpu,foundry-pdk-pre-silicon,pdk,ngspice,2089.8093999967386,16.943499998888,1,off,off,20260218,v3-ber-contract-aligned-2026-02-18,gf180mcu,foundry-open,gf180mcu-open-local,6t-cell,Apache-2.0,native_fit,affine_corner_temp,11.7583,11.7583,-1496.48,1619.99,0.931012,0.931012,245.61752578592981,245.61752578592981,255.49312161792201,1738.9341926374834,0.07679699712078009,0.07679699712078009,6.989303533174208e-12,0.0,spice_snm_mv_raw,spice_snm_mv_raw,False,fitted,usable,spice_snm_mv_raw,spice_snm_mv_raw,False,fitted,usable,,spice_read_snm_mv_raw,False,fitted,usable,,spice_write_margin_mv_raw,False,fitted,usable,,spice_noise_raw,False,fitted,usable,,spice_noise_sigma_raw,False,fitted,usable,0.4148630352448916,0.4148605949328822,-2.44031200941075e-06,-58.175752914310664,883.3831688760961,45
fs_t398_v1p80,fs,398.15,1.8,272.60878261977206,263.60877998402475,-9.000002635747308,0.07087451312537016,0.07295496011223461,0.002080446986864451,0.999994,0.41248046875,0.407465717106441,0.40992780718089145,0.002462090074450418,272.60878261977206,263.60877998402475,-9.000002635747308,252.78199804790708,254.8541847705566,2.072186722649519,1684.6408353510271,1727.0450398877654,42.404204536738234,0.07087451312537016,0.07295496011223461,0.002080446986864451,9.808715821183842e-12,1.0,7.570415999220905e-12,-2.238299821962937e-12,0.0,6.69557e-12,0.0,0.0,hybrid-native,cpu,foundry-pdk-pre-silicon,pdk,ngspice,2049.4770999976026,14.035000000149012,1,off,off,20260218,v3-ber-contract-aligned-2026-02-18,gf180mcu,foundry-open,gf180mcu-open-local,6t-cell,Apache-2.0,native_fit,affine_corner_temp,0.0178926,0.0178926,-127.177,255.837,0.499598,0.499598,272.60878261977206,272.60878261977206,252.78199804790708,1684.6408353510271,0.07087451312537016,0.07087451312537016,9.808715821183842e-12,0.0,spice_snm_mv_raw,spice_snm_mv_raw,False,fitted,usable,spice_snm_mv_raw,spice_snm_mv_raw,False,fitted,usable,,spice_read_snm_mv_raw,False,fitted,usable,,spice_write_margin_mv_raw,False,fitted,usable,,spice_noise_raw,False,fitted,usable,,spice_noise_sigma_raw,False,fitted,usable,0.407465717106441,0.40992780718089145,0.002462090074450418,-58.175752914310664,883.3831688760961,45
fs_t398_v1p98,fs,398.15,1.98,272.6354414924217,281.6265637272262,8.991122234804493,0.07549125121261899,0.06605494824893163,-0.00943630296368736,0.999994,0.4079296875,0.4074584309917347,0.4050034151371692,-0.0024550158545654788,272.6354414924217,281.6265637272262,8.991122234804493,255.8070988572423,273.6999699373544,17.892871080112116,1753.2622105527205,1913.9450517510684,160.6828411983479,0.07549125121261899,0.06605494824893163,-0.00943630296368736,6.720306467423617e-12,1.0,7.17864011970755e-13,-6.0024424554528625e-12,0.0,1.68634e-105,0.0,0.0,hybrid-native,cpu,foundry-pdk-pre-silicon,pdk,ngspice,2209.200299999793,13.688999999430962,1,off,off,20260218,v3-ber-contract-aligned-2026-02-18,gf180mcu,foundry-open,gf180mcu-open-local,6t-cell,Apache-2.0,native_fit,affine_corner_temp,0.00629677,0.00629677,-1655.06,1979.99,0.835897,0.835897,272.6354414924217,272.6354414924217,255.8070988572423,1753.2622105527205,0.07549125121261899,0.07549125121261899,6.720306467423617e-12,0.0,spice_snm_mv_raw,spice_snm_mv_raw,False,fitted,usable,spice_snm_mv_raw,spice_snm_mv_raw,False,fitted,usable,,spice_read_snm_mv_raw,False,fitted,usable,,spice_write_margin_mv_raw,False,fitted,usable,,spice_noise_raw,False,fitted,usable,,spice_noise_sigma_raw,False,fitted,usable,0.4074584309917347,0.4050034151371692,-0.0024550158545654788,-58.175752914310664,883.3831688760961,45
